[
  {"UPLOADTIME":"2016-09-06 09:56:16", "FILENAME":"商会云APP操我去饿饿作手册.pptx",  "FOLDERID":"1100","FILEID":"1415","REALNAME":"商会云小A","DOWNLOADNUM":"0","ATTACHMENT":"D:/upload/shanghui/upload/file/1100/20160906/57091473127105781.pptx"},
  {"UPLOADTIME":"2016-09-06 09:43:45", "FILENAME":"redis-wind威威ows-master.zip","FOLDERID":"1100","FILEID":"1414","REALNAME":"商会云小A","DOWNLOADNUM":"0","ATTACHMENT":"D:/upload/shanghui/upload/file/1100/20160906/38311473126337863.zip"},
  {"UPLOADTIME":"2016-09-06 09:42:57", "FILENAME":"商会云为A1我2 PP操作手册.pptx",  "FOLDERID":"1100","FILEID":"1413","REALNAME":"商会云小A","DOWNLOADNUM":"0","ATTACHMENT":"D:/upload/shanghui/upload/file/1100/20160906/93541473126273399.pptx"},
  {"UPLOADTIME":"2016-09-06 09:40:26", "FILENAME":"行业字为典(修正).docx",     "FOLDERID":"1100","FILEID":"1412","REALNAME":"商会云小A","DOWNLOADNUM":"0","ATTACHMENT":"D:/upload/shanghui/upload/file/1100/20160906/36771473126092912.docx"},
  {"UPLOADTIME":"2016-09-05 11:30:39", "FILENAME":"15731473046238124.docx",  "FOLDERID":"1100","FILEID":"1411","REALNAME":"商会云小A","DOWNLOADNUM":"0","ATTACHMENT":"http://183.250.187.121:8080/SHANGHUI/upload/shanghuiupload/20160905/15731473046238124.docx"},
  {"UPLOADTIME":"2016-09-02 17:16:05", "FILENAME":"商会云A为去额为 PP操作手册.pptx",  "FOLDERID":"1100","FILEID":"1407","REALNAME":"商会云小A","DOWNLOADNUM":"0","ATTACHMENT":"http://183.250.187.121:8080/SHANGHUI/upload/shanghui/upload/file/1100/20160902/39541472807542372.pptx"},
  {"UPLOADTIME":"2016-09-02 11:29:59", "FILENAME":"行业字典(修正).docx",     "FOLDERID":"1100","FILEID":"1406","REALNAME":"商会云小A","DOWNLOADNUM":"0","ATTACHMENT":"http://183.250.187.121:8080/SHANGHUI/upload/shanghui/upload/file/1100/20160902/2291472786998759.docx"}
]
