[
  {"USID": 0, "account":"成默默0", "name":"18852356365", "time":"福建永杰传媒集团有限公司0", "content":"常务副总裁"},
  {"USID": 1, "account":"成默默1", "name":"18852356569", "time":"福建永杰传媒集团有限公司1", "content":"常务副总裁"},
  {"USID": 2, "account":"成默默2", "name":"18852356969", "time":"福建永杰传媒集团有限公司2", "content":"常务副总裁"},
  {"USID": 3, "account":"成默默3", "name":"18852956369", "time":"福建永杰传媒集团有限公司3", "content":"常务副总裁"},
  {"USID": 4, "account":"成默默4", "name":"18852356369", "time":"福建永杰传媒集团有限公司4", "content":"常务副总裁"},
  {"USID": 5, "account":"成默默2", "name":"18852356969", "time":"福建永杰传媒集团有限公司2", "content":"常务副总裁"},
  {"USID": 6, "account":"成默默3", "name":"18852956369", "time":"福建永杰传媒集团有限公司3", "content":"常务副总裁"},
  {"USID": 7, "account":"成默默4", "name":"18852356369", "time":"福建永杰传媒集团有限公司4", "content":"常务副总裁"},
  {"USID": 8, "account":"成默默2", "name":"18852356969", "time":"福建永杰传媒集团有限公司2", "content":"常务副总裁"},
  {"USID": 9, "account":"成默默3", "name":"18852956369", "time":"福建永杰传媒集团有限公司3", "content":"常务副总裁"},
  {"USID": 10, "account":"成默默4", "name":"18852356369", "time":"福建永杰传媒集团有限公司4", "content":"常务副总裁"}
]
