[
  {"id": 0,"A1":"成默默0", "A2":"女", "A3":"18852356365", "A4":"XX诊所",  "A5":"搬钻"},
  {"id": 1,"A1":"成默默1", "A2":"女", "A3":"18852356569", "A4":"XX诊所",  "A5":"搬钻"},
  {"id": 2,"A1":"成默默2", "A2":"女", "A3":"18852356969", "A4":"XX诊所",  "A5":"搬钻"},
  {"id": 3,"A1":"成默默3", "A2":"女", "A3":"18852956369", "A4":"XX诊所",  "A5":"搬钻"},
  {"id": 4,"A1":"成默默4", "A2":"女", "A3":"18852356369", "A4":"XX诊所",  "A5":"搬钻"},
  {"id": 5,"A1":"成默默2", "A2":"女", "A3":"18852356969", "A4":"XX诊所",  "A5":"搬钻"},
  {"id": 6,"A1":"成默默3", "A2":"女", "A3":"18852956369", "A4":"XX诊所",  "A5":"搬钻"},
  {"id": 7,"A1":"成默默4", "A2":"女", "A3":"18852356369", "A4":"XX诊所",  "A5":"搬钻"},
  {"id": 8,"A1":"成默默2", "A2":"女", "A3":"18852356969", "A4":"XX诊所",  "A5":"搬钻"},
  {"id": 9,"A1":"成默默3", "A2":"女", "A3":"18852956369", "A4":"XX诊所",  "A5":"搬钻"}
]