[
  {"USID":  0, "REALNAME":"成默默0", "MOBILE":"18852356365", "COMPANY":"福建永杰传媒集团有限公司0", "ONAME":"常务副总裁", "GRADE":"名誉会长,秘书长"},
  {"USID":  1, "REALNAME":"成默默1", "MOBILE":"18852356569", "COMPANY":"福建永杰传媒集团有限公司1", "ONAME":"常务副总裁", "GRADE":"名誉会长,秘书长"},
  {"USID":  2, "REALNAME":"成默默2", "MOBILE":"18852356969", "COMPANY":"福建永杰传媒集团有限公司2", "ONAME":"常务副总裁", "GRADE":"名誉会长,秘书长"},
  {"USID":  3, "REALNAME":"成默默3", "MOBILE":"18852956369", "COMPANY":"福建永杰传媒集团有限公司3", "ONAME":"常务副总裁", "GRADE":"名誉会长,秘书长"},
  {"USID":  4, "REALNAME":"成默默4", "MOBILE":"18852356369", "COMPANY":"福建永杰传媒集团有限公司4", "ONAME":"常务副总裁", "GRADE":"名誉会长,秘书长"},
  {"USID":  5, "REALNAME":"成默默5", "MOBILE":"18852356969", "COMPANY":"福建永杰传媒集团有限公司2", "ONAME":"常务副总裁", "GRADE":"名誉会长,秘书长"},
  {"USID":  6, "REALNAME":"成默默6", "MOBILE":"18852956369", "COMPANY":"福建永杰传媒集团有限公司3", "ONAME":"常务副总裁", "GRADE":"名誉会长,秘书长"},
  {"USID":  7, "REALNAME":"成默默7", "MOBILE":"18852356369", "COMPANY":"福建永杰传媒集团有限公司4", "ONAME":"常务副总裁", "GRADE":"名誉会长,秘书长"},
  {"USID":  8, "REALNAME":"成默默8", "MOBILE":"18852356969", "COMPANY":"福建永杰传媒集团有限公司2", "ONAME":"常务副总裁", "GRADE":"名誉会长,秘书长"},
  {"USID":  9, "REALNAME":"成默默9", "MOBILE":"18852956369", "COMPANY":"福建永杰传媒集团有限公司3", "ONAME":"常务副总裁", "GRADE":"名誉会长,秘书长"},
  {"USID": 10, "REALNAME":"成默455", "MOBILE":"18852356369", "COMPANY":"福建永杰传媒集团有限公司4", "ONAME":"常务副总裁", "GRADE":"名誉会长,秘书长"}
]
