[
  {"id": 0,"ONAME":"成默默0", "CREATETIME":"18852356365", "STATUS": 1,"A3":"福建永杰传媒集团有限公司0", "PERMISSION": 1},
  {"id": 1,"ONAME":"成默默1", "CREATETIME":"18852356569", "STATUS": 2,"A3":"福建永杰传媒集团有限公司1", "PERMISSION": 2},
  {"id": 2,"ONAME":"成默默2", "CREATETIME":"18852356969", "STATUS": 3,"A3":"福建永杰传媒集团有限公司2", "PERMISSION": 3},
  {"id": 3,"ONAME":"成默默3", "CREATETIME":"18852956369", "STATUS": 2,"A3":"福建永杰传媒集团有限公司3", "PERMISSION": 2},
  {"id": 4,"ONAME":"成默默4", "CREATETIME":"18852356369", "STATUS": 3,"A3":"福建永杰传媒集团有限公司4", "PERMISSION": 3},
  {"id": 5,"ONAME":"成默默2", "CREATETIME":"18852356969", "STATUS": 4,"A3":"福建永杰传媒集团有限公司2", "PERMISSION": 4},
  {"id": 6,"ONAME":"成默默3", "CREATETIME":"18852956369", "STATUS": 5,"A3":"福建永杰传媒集团有限公司3", "PERMISSION": 5},
  {"id": 7,"ONAME":"成默默4", "CREATETIME":"18852356369", "STATUS": 6,"A3":"福建永杰传媒集团有限公司4", "PERMISSION": 6},
  {"id": 8,"ONAME":"成默默2", "CREATETIME":"18852356969", "STATUS": 7,"A3":"福建永杰传媒集团有限公司2", "PERMISSION": 7},
  {"id": 9,"ONAME":"成默默3", "CREATETIME":"18852956ONA", "STATUS": 8,"A3":"福建永杰传媒集团有限公司3", "PERMISSION": 8}
]